{"IcoMoonType":"selection","icons":[{"icon":{"paths":["M928 0h-832c-52.8 0-96 43.2-96 96v832c0 52.8 43.2 96 96 96h832c52.8 0 96-43.2 96-96v-832c0-52.8-43.2-96-96-96zM384 832h-128v-448h128v448zM320 320c-35.4 0-64-28.6-64-64s28.6-64 64-64c35.4 0 64 28.6 64 64s-28.6 64-64 64zM832 832h-128v-256c0-35.4-28.6-64-64-64s-64 28.6-64 64v256h-128v-448h128v79.4c26.4-36.2 66.8-79.4 112-79.4 79.6 0 144 71.6 144 160v288z"],"attrs":[],"isMulticolor":false,"isMulticolor2":false,"tags":["linkedin","brand","social"],"defaultCode":60105,"grid":16},"attrs":[],"properties":{"ligatures":"linkedin, brand64","name":"linkedin","id":457,"order":21,"prevSize":32,"code":60105},"setIdx":2,"setId":0,"iconIdx":451}],"height":1024,"metadata":{"name":"icomoonBtn"},"preferences":{"showGlyphs":true,"showQuickUse":true,"showQuickUse2":true,"showSVGs":true,"fontPref":{"prefix":"iconBtn-","metadata":{"fontFamily":"icomoonBtn","majorVersion":1,"minorVersion":0},"metrics":{"emSize":1024,"baseline":6.25,"whitespace":50},"embed":false,"showSelector":true,"showMetrics":true,"showMetadata":true,"showVersion":true},"imagePref":{"prefix":"icon-","png":true,"useClassSelector":true,"color":0,"bgColor":16777215,"classSelector":".icon","name":"icomoon"},"historySize":50,"showCodes":true,"gridSize":16}}